x_m,y_m,z_m,gravity_true_mgal,gravity_observed_mgal,noise_mgal
0.0,0.0,0.0,0.2231108649290199,0.23801228951935688,0.014901424590336979
0.0,120.83333333333333,0.0,0.26958022146876304,0.2654322924336275,-0.004147929035135539
0.0,241.66666666666666,0.0,0.3173328725888206,0.33676352873184134,0.019430656143020773
0.0,362.5,0.0,0.3578204922600228,0.4035113879522636,0.04569089569224076
0.0,483.3333333333333,0.0,0.3834502279068394,0.37642562666513935,-0.007024601241700079
0.0,604.1666666666666,0.0,0.39346127173102,0.3864371630225446,-0.007024108708475416
0.0,725.0,0.0,0.393352637459543,0.44072902192476476,0.047376384465221744
0.0,845.8333333333333,0.0,0.38952657884019515,0.4125496207147824,0.02302304187458726
0.0,966.6666666666666,0.0,0.3857450372099695,0.37166080563192094,-0.014084231578048563
0.0,1087.5,0.0,0.38283310087351524,0.39910990218109416,0.01627680130757894
0.0,1208.3333333333333,0.0,0.37965897060469195,0.3657564398203181,-0.013902530784373868
0.0,1329.1666666666665,0.0,0.37418764728230125,0.36021575467519357,-0.013971892607107706
0.0,1450.0,0.0,0.3643803843722535,0.3716392525192345,0.007258868146981023
0.0,1570.8333333333333,0.0,0.348905351660275,0.29150694432054103,-0.057398407339733934
0.0,1691.6666666666665,0.0,0.3275500594720923,0.27580252449670134,-0.05174753497539098
0.0,1812.5,0.0,0.3012338389091418,0.2843652130319126,-0.01686862587722918
0.0,1933.3333333333333,0.0,0.2716645191626676,0.24127958555263487,-0.03038493361003271
0.0,2054.1666666666665,0.0,0.2408312360122449,0.2502586559901031,0.009427419977858216
0.0,2175.0,0.0,0.21054801604125717,0.18330729377562083,-0.027240722265636327
0.0,2295.833333333333,0.0,0.18217557810251794,0.1398064670624592,-0.04236911104005874
0.0,2416.6666666666665,0.0,0.156539600367164,0.20050906343481062,0.04396946306764662
0.0,2537.5,0.0,0.13399139001435958,0.12721810099976352,-0.006773289014596069
0.0,2658.333333333333,0.0,0.11453521531757334,0.11656106145821106,0.002025846140637715
0.0,2779.1666666666665,0.0,0.09796181634561836,0.05521937075921466,-0.0427424455864037
0.0,2900.0,0.0,0.08395602055097952,0.06762453881522404,-0.01633148173575548
120.83333333333333,0.0,0.0,0.24238790086218695,0.24571557855348294,0.0033276776912959825
120.83333333333333,120.83333333333333,0.0,0.2964742067475092,0.2619443994248401,-0.03452980732266908
120.83333333333333,241.66666666666666,0.0,0.35414158024680703,0.3654125207971772,0.011270940550370158
120.83333333333333,362.5,0.0,0.4059238850506846,0.38790472435312046,-0.018019160697564148
120.83333333333333,483.3333333333333,0.0,0.4419437209601868,0.4331929084663885,-0.008750812493798303
120.83333333333333,604.1666666666666,0.0,0.4594337775761152,0.4413825792092333,-0.018051198366881908
120.83333333333333,725.0,0.0,0.464079812304631,0.5196481578398991,0.055568345535268134
120.83333333333333,845.8333333333333,0.0,0.4640110547400741,0.4636061379979361,-0.0004049167421380176
120.83333333333333,966.6666666666666,0.0,0.4643911798832654,0.4326598520145884,-0.03173132786867701
120.83333333333333,1087.5,0.0,0.4662956019688497,0.4909719493319454,0.02467634736309567
120.83333333333333,1208.3333333333333,0.0,0.4678402676191608,0.43121495812003013,-0.03662530949913067
120.83333333333333,1329.1666666666665,0.0,0.46568626012741654,0.4719521679775592,0.006265907850142662
120.83333333333333,1450.0,0.0,0.4564624575002357,0.3976723537838424,-0.05879010371639327
120.83333333333333,1570.8333333333333,0.0,0.43799345369670695,0.398147872229754,-0.03984558146695291
120.83333333333333,1691.6666666666665,0.0,0.4100497063711959,0.41595554344726965,0.005905837076073705
120.83333333333333,1812.5,0.0,0.37434487782884157,0.39649887522870386,0.02215399739986231
120.83333333333333,1933.3333333333333,0.0,0.33385612382224,0.33899717225793913,0.005141048435699114
120.83333333333333,2054.1666666666665,0.0,0.29188101068855593,0.2884115622169087,-0.0034694484716472156
120.83333333333333,2175.0,0.0,0.2512548457831789,0.24222173491550025,-0.009033110867678664
120.83333333333333,2295.833333333333,0.0,0.21393767263952349,0.16958201292850067,-0.04435565971102282
120.83333333333333,2416.6666666666665,0.0,0.18096318109984727,0.159367854848006,-0.021595326251841258
120.83333333333333,2537.5,0.0,0.152617871418318,0.1387987082895244,-0.013819163128793624
120.83333333333333,2658.333333333333,0.0,0.1286983551457043,0.16041202193227178,0.03171366678656747
120.83333333333333,2779.1666666666665,0.0,0.10874293392110207,0.11905148260815591,0.010308548687053842
120.83333333333333,2900.0,0.0,0.09219607442050326,0.03930486975962124,-0.05289120466088202
241.66666666666666,0.0,0.0,0.2546600498944734,0.26438256897631723,0.00972251908184385
241.66666666666666,120.83333333333333,0.0,0.31357074321503936,0.3020182748025499,-0.011552468412489495
241.66666666666666,241.66666666666666,0.0,0.37855447345173454,0.35824681344255577,-0.02030766000917876
241.66666666666666,362.5,0.0,0.4410188712754409,0.45936915994066696,0.018350288665226037
241.66666666666666,483.3333333333333,0.0,0.49022512345644437,0.5211551091313229,0.030929985674878528
241.66666666666666,604.1666666666666,0.0,0.5206783956611815,0.5486167992346674,0.027938403573485957
241.66666666666666,725.0,0.0,0.5361577409205663,0.5109812152238872,-0.025176525696679154
241.66666666666666,845.8333333333333,0.0,0.5453219974399989,0.5360456261644624,-0.009276371275536438
241.66666666666666,966.6666666666666,0.0,0.5547875153494682,0.5647254182915752,0.009937902942106919
241.66666666666666,1087.5,0.0,0.5661557050669859,0.5954220588806567,0.029266353813670775
241.66666666666666,1208.3333333333333,0.0,0.5766763226924131,0.5623010955570544,-0.014375227135358697
241.66666666666666,1329.1666666666665,0.0,0.5811699771227745,0.57560020782286,-0.005569769299914513
241.66666666666666,1450.0,0.0,0.5742363893841324,0.5410463401639515,-0.033190049220180845
241.66666666666666,1570.8333333333333,0.0,0.552390782539535,0.5165045838171148,-0.035886198722420125
241.66666666666666,1691.6666666666665,0.0,0.5154604564303568,0.5398362311021827,0.024375774671825938
241.66666666666666,1812.5,0.0,0.4665593898271372,0.5072465906842618,0.040687200857124683
241.66666666666666,1933.3333333333333,0.0,0.41078063517256214,0.40862033152515215,-0.0021603036474100155
241.66666666666666,2054.1666666666665,0.0,0.35349312392104354,0.38359911085780424,0.030105986936760722
241.66666666666666,2175.0,0.0,0.29904015647874493,0.309889237230174,0.010849080751429024
241.66666666666666,2295.833333333333,0.0,0.25015658834461973,0.230802995706466,-0.019353592638153727
241.66666666666666,2416.6666666666665,0.0,0.2080287193114347,0.21887058747668714,0.010841868165252417
241.66666666666666,2537.5,0.0,0.17271105309377338,0.21885215008775244,0.04614109699397907
241.66666666666666,2658.333333333333,0.0,0.14360738143212157,0.14253260025882303,-0.001074781173298546
241.66666666666666,2779.1666666666665,0.0,0.11984829835906585,0.16678760803348602,0.046939309674420185
241.66666666666666,2900.0,0.0,0.10052519036043896,0.021932837237746625,-0.07859235312269233
362.5,0.0,0.0,0.25966023474712874,0.28431730987838544,0.024657075131256714
362.5,120.83333333333333,0.0,0.32062522758339584,0.323236639630541,0.0026114120471451368
362.5,241.66666666666666,0.0,0.38994287123013227,0.38097265071615627,-0.008970220513976024
362.5,362.5,0.0,0.4611818216184331,0.46393464491449815,0.002752823296065069
362.5,483.3333333333333,0.0,0.5246400912199651,0.4650130237819384,-0.05962706743802678
362.5,604.1666666666666,0.0,0.5727295166781934,0.566139360043068,-0.0065901566351253575
362.5,725.0,0.0,0.6056996342140609,0.6164130113594133,0.010713377145352391
362.5,845.8333333333333,0.0,0.6308394857675549,0.6751763071098004,0.04433682134224548
362.5,966.6666666666666,0.0,0.6556616508199732,0.6401135442717638,-0.015548106548209421
362.5,1087.5,0.0,0.6824472974427379,0.6581924893559423,-0.02425480808679563
362.5,1208.3333333333333,0.0,0.7074500519410909,0.6923973406335548,-0.015052711307536095
362.5,1329.1666666666665,0.0,0.7229749039549472,0.7504369674860094,0.027462063531062224
362.5,1450.0,0.0,0.7206529578468149,0.7305154911366055,0.009862533289790533
362.5,1570.8333333333333,0.0,0.695031474925457,0.6791386688124459,-0.015892806113011165
362.5,1691.6666666666665,0.0,0.6461021659934727,0.6615001889868733,0.015398022993400682
362.5,1812.5,0.0,0.5792389234162231,0.5821512498966643,0.0029123264804412114
362.5,1933.3333333333333,0.0,0.5028116400441962,0.5318709897601829,0.029059349715986674
362.5,2054.1666666666665,0.0,0.4252712936914114,0.40420970087509084,-0.02106159281632057
362.5,2175.0,0.0,0.353066966737355,0.34323710233942195,-0.009829864397933047
362.5,2295.833333333333,0.0,0.2898553639533892,0.27809211935942446,-0.011763244593964729
362.5,2416.6666666666665,0.0,0.2368163726724321,0.19291092422846856,-0.04390544844396355
362.5,2537.5,0.0,0.19349938628926258,0.20238299460119985,0.008883608311937281
362.5,2658.333333333333,0.0,0.15865817735009116,0.16648983551548785,0.007831658165396679
362.5,2779.1666666666665,0.0,0.1308241395586941,0.13097754325796793,0.00015340369927382668
362.5,2900.0,0.0,0.10861065249899177,0.10157303849773736,-0.007037614001254407
483.3333333333333,0.0,0.0,0.258305156649305,0.21584403438779254,-0.04246112226151243
483.3333333333333,120.83333333333333,0.0,0.3192399080423601,0.3066205483593993,-0.012619359682960771
483.3333333333333,241.66666666666666,0.0,0.3904001361965334,0.38011870070073034,-0.010281435495803085
483.3333333333333,362.5,0.0,0.4679791838430977,0.44391086576644917,-0.024068318076648568
483.3333333333333,483.3333333333333,0.0,0.5447652552141905,0.5399266838642103,-0.004838571349980274
483.3333333333333,604.1666666666666,0.0,0.6127405731715374,0.6248620988759735,0.012121525704436151
483.3333333333333,725.0,0.0,0.6684793074163895,0.7250648844527054,0.05658557703631591
483.3333333333333,845.8333333333333,0.0,0.7160999270640587,0.7213372614490139,0.005237334384955168
483.3333333333333,966.6666666666666,0.0,0.7627356186615233,0.7704621303832062,0.007726511721682931
483.3333333333333,1087.5,0.0,0.8111186134942006,0.8088852360212155,-0.0022333774729850165
483.3333333333333,1208.3333333333333,0.0,0.8563284173193849,0.7987652808604137,-0.057563136458971244
483.3333333333333,1329.1666666666665,0.0,0.8874636639690174,0.886668247705541,-0.0007954162634765063
483.3333333333333,1450.0,0.0,0.8922151145861018,0.8940220208843326,0.001806906298230793
483.3333333333333,1570.8333333333333,0.0,0.862468977760843,0.9363662411354016,0.07389726337455858
483.3333333333333,1691.6666666666665,0.0,0.7984998028521553,0.7927289739087215,-0.005770828943433675
483.3333333333333,1812.5,0.0,0.7088621438579703,0.7179085641279787,0.009046420270008374
483.3333333333333,1933.3333333333333,0.0,0.6064598002840025,0.6054184471928452,-0.0010413530911572992
483.3333333333333,2054.1666666666665,0.0,0.5039452898809108,0.46888494875232484,-0.03506034112858596
483.3333333333333,2175.0,0.0,0.4104949231952493,0.4447796076306999,0.034284684435450616
483.3333333333333,2295.833333333333,0.0,0.33074776256690014,0.3533057535475034,0.022557990980603224
483.3333333333333,2416.6666666666665,0.0,0.26559819713070904,0.28932915554200045,0.023730958411291407
483.3333333333333,2537.5,0.0,0.2137351245643767,0.18645350092053453,-0.02728162364384217
483.3333333333333,2658.333333333333,0.0,0.17297586817016947,0.21505969749825243,0.042083829328082974
483.3333333333333,2779.1666666666665,0.0,0.14106698286309768,0.09901145097932926,-0.04205553188376843
483.3333333333333,2900.0,0.0,0.11603894899422756,0.13364466180823567,0.017605712814008107
604.1666666666666,0.0,0.0,0.25182231231141866,0.317535981085718,0.06571366877429935
604.1666666666666,120.83333333333333,0.0,0.3113291161103567,0.28161302635643604,-0.02971608975392065
604.1666666666666,241.66666666666666,0.0,0.3824928497192547,0.36550391783117153,-0.016988931888083158
604.1666666666666,362.5,0.0,0.46395357094391254,0.46694311189654175,0.0029895409526292365
604.1666666666666,483.3333333333333,0.0,0.5515175179006102,0.5364132482771242,-0.015104269623485976
604.1666666666666,604.1666666666666,0.0,0.6384813823438918,0.5919614794119079,-0.04651990293198398
604.1666666666666,725.0,0.0,0.7191206651432244,0.7211775543874052,0.0020568892441808198
604.1666666666666,845.8333333333333,0.0,0.793518296322066,0.7616491849102829,-0.03186911141178315
604.1666666666666,966.6666666666666,0.0,0.8666529092726226,0.880860682191678,0.014207772919055447
604.1666666666666,1087.5,0.0,0.9409385629476295,0.9133558359206153,-0.027582727027014094
604.1666666666666,1208.3333333333333,0.0,1.0101129360295042,1.0566109681800304,0.04649803215052618
604.1666666666666,1329.1666666666665,0.0,1.0596795056244839,1.0361819068543967,-0.02349759877008711
604.1666666666666,1450.0,0.0,1.0729486085016555,1.0632867630154852,-0.009661845486170268
604.1666666666666,1570.8333333333333,0.0,1.0389479231346703,1.0633534396557605,0.024405516521090093
604.1666666666666,1691.6666666666665,0.0,0.9583067996823823,0.9213808701893637,-0.03692592949301866
604.1666666666666,1812.5,0.0,0.8431667810742604,0.8499905791123842,0.006823798038123882
604.1666666666666,1933.3333333333333,0.0,0.7117732248852708,0.7509875075137437,0.03921428262847284
604.1666666666666,2054.1666666666665,0.0,0.5818540636346842,0.5336295665978473,-0.04822449703683682
604.1666666666666,2175.0,0.0,0.46573866457075125,0.47127768032672035,0.005539015755969126
604.1666666666666,2295.833333333333,0.0,0.36895515691950487,0.37675164074695755,0.007796483827452706
604.1666666666666,2416.6666666666665,0.0,0.29177845405113334,0.31523314020445264,0.02345468615331931
604.1666666666666,2537.5,0.0,0.23172129975569944,0.19461277842935698,-0.03710852132634246
604.1666666666666,2658.333333333333,0.0,0.18546346589731133,0.14584976750478304,-0.03961369839252829
604.1666666666666,2779.1666666666665,0.0,0.14986890834711217,0.1655271553156191,0.015658246968506928
604.1666666666666,2900.0,0.0,0.12235089563877233,0.1312604358357679,0.008909540196995582
725.0,0.0,0.0,0.24122000475456445,0.24873479026494075,0.007514785510376296
725.0,120.83333333333333,0.0,0.2982714913402192,0.3086649376251285,0.01039344628490927
725.0,241.66666666666666,0.0,0.36790731891357975,0.347506577266225,-0.020400741647354722
725.0,362.5,0.0,0.4507004097488851,0.4576680206637152,0.006967610914830107
725.0,483.3333333333333,0.0,0.5452565872567503,0.5540487614557107,0.008792174198960436
725.0,604.1666666666666,0.0,0.6472755406634118,0.6258449981226207,-0.021430542540791034
725.0,725.0,0.0,0.7506760429589315,0.8066492782932743,0.055973235334342696
725.0,845.8333333333333,0.0,0.8518449549098767,0.8660599425372303,0.014214987627353626
725.0,966.6666666666666,0.0,0.9519690850715242,0.9162299801554448,-0.035739104916079456
725.0,1087.5,0.0,1.0518728834527153,1.0715694917117302,0.01969660825901489
725.0,1208.3333333333333,0.0,1.1438955668338429,1.114655116727023,-0.02924045010681964
725.0,1329.1666666666665,0.0,1.2103930481527705,1.234005586265044,0.02361253811227356
725.0,1450.0,0.0,1.2311278257590577,1.2658856931292797,0.03475786737022212
725.0,1570.8333333333333,0.0,1.1931976890125615,1.16857721946201,-0.024620469550551312
725.0,1691.6666666666665,0.0,1.0975617485361453,1.126463032413475,0.028901283877329653
725.0,1812.5,0.0,0.9591925115379646,0.9715759393460596,0.01238342780809495
725.0,1933.3333333333333,0.0,0.8013051713361607,0.8259669761359955,0.024661804799834697
725.0,2054.1666666666665,0.0,0.6466791509242222,0.7035829404038406,0.05690378947961842
725.0,2175.0,0.0,0.5106360000177785,0.5032743565376924,-0.007361643480086114
725.0,2295.833333333333,0.0,0.39931701879541476,0.37670493386469006,-0.022612084930724686
725.0,2416.6666666666665,0.0,0.3121860198357218,0.2855005869469561,-0.0266854328887657
725.0,2537.5,0.0,0.24553322934244914,0.221058920793486,-0.024474308548963146
725.0,2658.333333333333,0.0,0.19495293239911507,0.19263988111669195,-0.002313051282423126
725.0,2779.1666666666665,0.0,0.15651511071572569,0.166749669960225,0.010234559244499316
725.0,2900.0,0.0,0.12710297720440134,0.1354037011843019,0.008300723979900572
845.8333333333333,0.0,0.0,0.22717130254001064,0.25198680001109136,0.02481549747108071
845.8333333333333,120.83333333333333,0.0,0.2808227667532646,0.2812128235096018,0.0003900567563372106
845.8333333333333,241.66666666666666,0.0,0.34737932917080766,0.39098535148552716,0.0436060223147195
845.8333333333333,362.5,0.0,0.42872887863883324,0.42078917364169455,-0.007939704997138683
845.8333333333333,483.3333333333333,0.0,0.5256407546539295,0.607245829651618,0.08160507499768856
845.8333333333333,604.1666666666666,0.0,0.6363774030996878,0.655147423532638,0.018770020432950184
845.8333333333333,725.0,0.0,0.7559550936880446,0.7302403669955562,-0.025714726692488477
845.8333333333333,845.8333333333333,0.0,0.8783160039664589,0.8461892290246256,-0.032126774941833365
845.8333333333333,966.6666666666666,0.0,1.0000431385692365,1.0145173110265322,0.014474172457295558
845.8333333333333,1087.5,0.0,1.118846872373357,1.1121429888135814,-0.006703883559775527
845.8333333333333,1208.3333333333333,0.0,1.2258429461875981,1.247262961010361,0.02142001482276276
845.8333333333333,1329.1666666666665,0.0,1.302171945610012,1.3163690743472183,0.014197128737206344
845.8333333333333,1450.0,0.0,1.3264468545703554,1.3242619871906491,-0.0021848673797061832
845.8333333333333,1570.8333333333333,0.0,1.28549705662968,1.2600932450876279,-0.025403811542052148
845.8333333333333,1691.6666666666665,0.0,1.1805875553521594,1.1351421386115834,-0.045445416740575936
845.8333333333333,1812.5,0.0,1.0279953223254492,1.0145998737634385,-0.013395448562010632
845.8333333333333,1933.3333333333333,0.0,0.853887033232813,0.8795789970625172,0.025691963829704168
845.8333333333333,2054.1666666666665,0.0,0.6843098222079205,0.6907326345318265,0.006422812323906119
845.8333333333333,2175.0,0.0,0.5364353961080215,0.49906323274666187,-0.03737216336135964
845.8333333333333,2295.833333333333,0.0,0.41665635393340683,0.4218517817089423,0.0051954277755354595
845.8333333333333,2416.6666666666665,0.0,0.3238311374649959,0.33539065885686103,0.011559521391865103
845.8333333333333,2537.5,0.0,0.25345403745394424,0.22693831436791023,-0.02651572308603399
845.8333333333333,2658.333333333333,0.0,0.20045126271296665,0.2050630158913325,0.004611753178365837
845.8333333333333,2779.1666666666665,0.0,0.16042242507758947,0.16216868663096948,0.0017462615533799968
845.8333333333333,2900.0,0.0,0.12994580373434197,0.09565669479942329,-0.03428910893491869
966.6666666666666,0.0,0.0,0.21013845840888895,0.22087207921933744,0.010733620810448498
966.6666666666666,120.83333333333333,0.0,0.25942408178084586,0.27624761757189287,0.01682353579104703
966.6666666666666,241.66666666666666,0.0,0.3212714846143167,0.35376302190957504,0.03249153729525831
966.6666666666666,362.5,0.0,0.39828487864332973,0.4298989402043768,0.03161406156104709
966.6666666666666,483.3333333333333,0.0,0.4925938463720133,0.4512637653333006,-0.04133008103871273
966.6666666666666,604.1666666666666,0.0,0.6044765130896901,0.5763417618922364,-0.02813475119745368
966.6666666666666,725.0,0.0,0.7306105471255503,0.7460616051418101,0.015451058016259792
966.6666666666666,845.8333333333333,0.0,0.86396335235466,0.8793769308820263,0.015413578527366264
966.6666666666666,966.6666666666666,0.0,0.9968344996894714,1.0122859302786529,0.015451430589181437
966.6666666666666,1087.5,0.0,1.1227085609092071,1.2382905056288487,0.11558194471964163
966.6666666666666,1208.3333333333333,0.0,1.2319065259702198,1.2490332412910148,0.01712671532079501
966.6666666666666,1329.1666666666665,0.0,1.3074403541149326,1.3415073233203505,0.03406696920541796
966.6666666666666,1450.0,0.0,1.3299555674100012,1.3585756203147972,0.028620052904796068
966.6666666666666,1570.8333333333333,0.0,1.2874171731168682,1.3069589106560422,0.019541737539173938
966.6666666666666,1691.6666666666665,0.0,1.1815161226131319,1.1720580452739215,-0.009458077339210369
966.6666666666666,1812.5,0.0,1.0285592277141173,1.0513283043289154,0.02276907661479802
966.6666666666666,1933.3333333333333,0.0,0.8545046726791328,0.8313199162430056,-0.023184756436127153
966.6666666666666,2054.1666666666665,0.0,0.6851316366101412,0.678027078407941,-0.007104558202200266
966.6666666666666,2175.0,0.0,0.5374359957374133,0.5228750893025402,-0.014560906434873103
966.6666666666666,2295.833333333333,0.0,0.41774792294636787,0.42020414712795756,0.002456224181589677
966.6666666666666,2416.6666666666665,0.0,0.3249291035108903,0.3943688605110956,0.06943975700020526
966.6666666666666,2537.5,0.0,0.25449922509966266,0.19848126932191024,-0.05601795577775244
966.6666666666666,2658.333333333333,0.0,0.20140994659675826,0.22199775230799368,0.020587805711235405
966.6666666666666,2779.1666666666665,0.0,0.16127964334850448,0.11289816721281493,-0.04838147613568955
966.6666666666666,2900.0,0.0,0.1306986512016811,0.11654069522799808,-0.014157955973683004
1087.5,0.0,0.0,0.19054376924151617,0.22321228715053715,0.03266851790902098
1087.5,120.83333333333333,0.0,0.23451755294763993,0.23644595352050382,0.001928400572863883
1087.5,241.66666666666666,0.0,0.2900751014824486,0.2577427581445694,-0.03233234333787918
1087.5,362.5,0.0,0.3600321471105496,0.33857303583275056,-0.021459111277799047
1087.5,483.3333333333333,0.0,0.44712823487297104,0.4675161673410113,0.020387932468040274
1087.5,604.1666666666666,0.0,0.5528543150762493,0.5309433161247352,-0.021910998951514098
1087.5,725.0,0.0,0.6754218672838523,0.6819156249713116,0.006493757687459246
1087.5,845.8333333333333,0.0,0.8080639338450926,0.809431089042207,0.0013671551971144134
1087.5,966.6666666666666,0.0,0.9402697607076925,0.920721750279518,-0.01954801042817451
1087.5,1087.5,0.0,1.061391460865681,1.1257097835454406,0.06431832267975977
1087.5,1208.3333333333333,0.0,1.161076961634798,1.1800945323043384,0.019017570669540337
1087.5,1329.1666666666665,0.0,1.2263220252563964,1.1655677476566682,-0.060754277599728214
1087.5,1450.0,0.0,1.2425377751413411,1.2481314045844238,0.005593629443082829
1087.5,1570.8333333333333,0.0,1.2002450519154615,1.18039145797241,-0.01985359394305164
1087.5,1691.6666666666665,0.0,1.1017449946522613,1.127317994696148,0.02557300004388672
1087.5,1812.5,0.0,0.9621304190533918,0.9383547969004108,-0.02377562215298102
1087.5,1933.3333333333333,0.0,0.8041023598252117,0.8006602665812047,-0.0034420932440069702
1087.5,2054.1666666666665,0.0,0.649784793077269,0.6649344114466827,0.015149618369413713
1087.5,2175.0,0.0,0.5140480353089313,0.540020691134035,0.025972655825103642
1087.5,2295.833333333333,0.0,0.4028505473319213,0.366841655120248,-0.036008892211673284
1087.5,2416.6666666666665,0.0,0.3156449154816495,0.30560987840642106,-0.01003503707522845
1087.5,2537.5,0.0,0.24877626355473068,0.234527904219902,-0.014248359334828684
1087.5,2658.333333333333,0.0,0.19790043320961548,0.17830055623240412,-0.019599876977211356
1087.5,2779.1666666666665,0.0,0.15913488723544067,0.21209851444387356,0.0529636272084329
1087.5,2900.0,0.0,0.12939405840097284,0.1415435097298015,0.012149451328828666
1208.3333333333333,0.0,0.0,0.16888716824050212,0.13106064961045077,-0.037826518630051355
1208.3333333333333,120.83333333333333,0.0,0.20672245834106612,0.2342583167527094,0.027535858411643282
1208.3333333333333,241.66666666666666,0.0,0.2546385368554242,0.3183032227658032,0.06366468591037899
1208.3333333333333,362.5,0.0,0.31529809984736673,0.3462720576639011,0.030973957816534406
1208.3333333333333,483.3333333333333,0.0,0.39149708552422996,0.34591598654560957,-0.0455810989786204
1208.3333333333333,604.1666666666666,0.0,0.48525075347889535,0.4707237312929078,-0.01452702218598754
1208.3333333333333,725.0,0.0,0.5959463046964912,0.6339536391720899,0.03800733447559868
1208.3333333333333,845.8333333333333,0.0,0.7180141652933482,0.6967840813247848,-0.02123008396856342
1208.3333333333333,966.6666666666666,0.0,0.8403901588842787,0.8537047417286655,0.013314582844386852
1208.3333333333333,1087.5,0.0,0.9497906997878945,0.9730297213907746,0.023239021602880102
1208.3333333333333,1208.3333333333333,0.0,1.0347173306123711,1.0069094164650287,-0.02780791414734249
1208.3333333333333,1329.1666666666665,0.0,1.0856641625391656,1.0838784018573115,-0.0017857606818540022
1208.3333333333333,1450.0,0.0,1.0938611293428357,0.9966231091407636,-0.09723802020207217
1208.3333333333333,1570.8333333333333,0.0,1.053896830320822,1.0231652010807935,-0.030731629240028695
1208.3333333333333,1691.6666666666665,0.0,0.9688508494935362,0.9612738049517413,-0.0075770445417948085
1208.3333333333333,1812.5,0.0,0.8512967724100079,0.8138632769510624,-0.03743349545894548
1208.3333333333333,1933.3333333333333,0.0,0.7189585639539027,0.7679309030718517,0.04897233911794906
1208.3333333333333,2054.1666666666665,0.0,0.5888106420682622,0.5459064007294432,-0.042904241338818976
1208.3333333333333,2175.0,0.0,0.47261321431168074,0.45941187971077124,-0.013201334600909512
1208.3333333333333,2295.833333333333,0.0,0.37562110507111396,0.3795433223896967,0.0039222173185827405
1208.3333333333333,2416.6666666666665,0.0,0.2980530171678532,0.3412912158398367,0.04323819867198346
1208.3333333333333,2537.5,0.0,0.23746543541148327,0.1943895708761001,-0.04307586453538318
1208.3333333333333,2658.333333333333,0.0,0.1906044665479551,0.22549937911260387,0.034894912564648786
1208.3333333333333,2779.1666666666665,0.0,0.15439026720019022,0.15469725903077783,0.00030699183058761144
1208.3333333333333,2900.0,0.0,0.12627456013281937,0.09682930060138084,-0.029445259531438527
1329.1666666666665,0.0,0.0,0.1457939178510253,0.15965702207892343,0.013863104227898122
1329.1666666666665,120.83333333333333,0.0,0.17688148049092434,0.18285327135812843,0.0059717908672041005
1329.1666666666665,241.66666666666666,0.0,0.2161791755954745,0.19817266928071067,-0.01800650631476384
1329.1666666666665,362.5,0.0,0.2659813228683835,0.26807538541808407,0.0020940625497005675
1329.1666666666665,483.3333333333333,0.0,0.3288277442861387,0.3172683363802859,-0.011559407905852805
1329.1666666666665,604.1666666666666,0.0,0.4068570368393716,0.410262557196909,0.003405520357537441
1329.1666666666665,725.0,0.0,0.500367093742346,0.5202310139779774,0.0198639202356314
1329.1666666666665,845.8333333333333,0.0,0.6056072575008555,0.6531877619852161,0.04758050448436056
1329.1666666666665,966.6666666666666,0.0,0.7131495394399734,0.676015074475168,-0.03713446496480547
1329.1666666666665,1087.5,0.0,0.8093587761671874,0.8733497774068755,0.063991001239688
1329.1666666666665,1208.3333333333333,0.0,0.8812830864843275,0.8227204524986524,-0.05856263398567505
1329.1666666666665,1329.1666666666665,0.0,0.920576390572801,0.9160228377217335,-0.004553552851067499
1329.1666666666665,1450.0,0.0,0.9229941941183641,0.9406437103129014,0.017649516194537297
1329.1666666666665,1570.8333333333333,0.0,0.8875400454000456,0.8959698014320966,0.00842975603205098
1329.1666666666665,1691.6666666666665,0.0,0.8182962332147147,0.7996152476200968,-0.018680985594617814
1329.1666666666665,1812.5,0.0,0.7250071197902676,0.7187634522795493,-0.006243667510718256
1329.1666666666665,1933.3333333333333,0.0,0.6204185943229,0.605628566283135,-0.014790028039764985
1329.1666666666665,2054.1666666666665,0.0,0.5165906913498307,0.4989097486415044,-0.017680942708326344
1329.1666666666665,2175.0,0.0,0.4221679306116356,0.4476559935222663,0.025488062910630736
1329.1666666666665,2295.833333333333,0.0,0.34148755726862723,0.35219802184757865,0.01071046457895142
1329.1666666666665,2416.6666666666665,0.0,0.2753434665717299,0.2545561787139103,-0.020787287857819626
1329.1666666666665,2537.5,0.0,0.22243427869733315,0.24942227496033068,0.02698799626299752
1329.1666666666665,2658.333333333333,0.0,0.18062409657238412,0.1898430821986824,0.00921898562629828
1329.1666666666665,2779.1666666666665,0.0,0.14770568342338336,0.17209154698855217,0.0243858635651688
1329.1666666666665,2900.0,0.0,0.12174227407547261,0.14063113933318097,0.018888865257708366
1450.0,0.0,0.0,0.12200990857795747,0.09714005825029531,-0.024869850327662167
1450.0,120.83333333333333,0.0,0.14602827853199435,0.12922284732608527,-0.016805431205909088
1450.0,241.66666666666666,0.0,0.17618666845450695,0.1986054766082048,0.022418808153697855
1450.0,362.5,0.0,0.21431865992222257,0.23262976788522652,0.018311107963003944
1450.0,483.3333333333333,0.0,0.26259491483007613,0.2619678670111517,-0.0006270478189244439
1450.0,604.1666666666666,0.0,0.3231470033875037,0.3266668248867671,0.00351982149926346
1450.0,725.0,0.0,0.39710305254538997,0.43543299941904273,0.038329946873652744
1450.0,845.8333333333333,0.0,0.4828457966583328,0.4650986549932579,-0.0177471416650749
1450.0,966.6666666666666,0.0,0.5739490359776648,0.5903619574127659,0.016412921435101136
1450.0,1087.5,0.0,0.6585945785280997,0.6525287989550829,-0.006065779573016822
1450.0,1208.3333333333333,0.0,0.7229954064290516,0.716464970332235,-0.006530436096816608
1450.0,1329.1666666666665,0.0,0.7575707640737834,0.7905340696333991,0.0329633055596157
1450.0,1450.0,0.0,0.7595175273532045,0.7842800178228454,0.024762490469640894
1450.0,1570.8333333333333,0.0,0.7308759704821948,0.7552812595622139,0.024405289080019155
1450.0,1691.6666666666665,0.0,0.6769348462786157,0.7160992104932455,0.03916436421462987
1450.0,1812.5,0.0,0.6055134344189393,0.6061435496679222,0.0006301152489827715
1450.0,1933.3333333333333,0.0,0.5255667744209732,0.5460253635598221,0.020458589138848918
1450.0,2054.1666666666665,0.0,0.44533931479231914,0.43603131209451546,-0.00930800269780368
1450.0,2175.0,0.0,0.3709227347847939,0.38064772535944713,0.009724990574653264
1450.0,2295.833333333333,0.0,0.3057223629038985,0.30181807127286797,-0.0039042916310305376
1450.0,2416.6666666666665,0.0,0.2508080095452274,0.253717888495009,0.0029098789497815454
1450.0,2537.5,0.0,0.20571151560656514,0.22356622636967255,0.017854710763107406
1450.0,2658.333333333333,0.0,0.16920757047808574,0.14466094998108156,-0.024546620497004176
1450.0,2779.1666666666665,0.0,0.13985359937398287,0.20262521764454666,0.06277161827056381
1450.0,2900.0,0.0,0.11628008764280347,0.08609956619781241,-0.03018052144499106
1570.8333333333333,0.0,0.0,0.09836594396884323,0.06194028558521126,-0.036425658383631966
1570.8333333333333,120.83333333333333,0.0,0.11532122850918679,0.15006455471418884,0.034743326205002034
1570.8333333333333,241.66666666666666,0.0,0.13630317129000294,0.160053052108891,0.023749880818888076
1570.8333333333333,362.5,0.0,0.16267130141765493,0.1813948959292196,0.018723594511564655
1570.8333333333333,483.3333333333333,0.0,0.19622744668392608,0.2150778119618545,0.018850365277928396
1570.8333333333333,604.1666666666666,0.0,0.23910899792521337,0.23874159473980594,-0.0003674031854074387
1570.8333333333333,725.0,0.0,0.29327962528658624,0.2663619941420113,-0.026917631144574947
1570.8333333333333,845.8333333333333,0.0,0.35929892481414816,0.36157306155995994,0.00227413674581179
1570.8333333333333,966.6666666666666,0.0,0.43422711495360355,0.4139122636082402,-0.02031485134536335
1570.8333333333333,1087.5,0.0,0.5095483967941231,0.5388019887966556,0.029253592002532535
1570.8333333333333,1208.3333333333333,0.0,0.5720518440399548,0.5676401225948906,-0.0044117214450641595
1570.8333333333333,1329.1666666666665,0.0,0.6096928369881156,0.5849279210843402,-0.024764915903775345
1570.8333333333333,1450.0,0.0,0.6176079136330074,0.6079663383834176,-0.009641575249589803
1570.8333333333333,1570.8333333333333,0.0,0.5983420579139046,0.6107300015421734,0.012387943628268729
1570.8333333333333,1691.6666666666665,0.0,0.5582544423679661,0.5413427057838468,-0.01691173658411924
1570.8333333333333,1812.5,0.0,0.5045680416576128,0.4799014297906199,-0.024666611866992944
1570.8333333333333,1933.3333333333333,0.0,0.4440972638553583,0.4514078802001157,0.007310616344757369
1570.8333333333333,2054.1666666666665,0.0,0.38263508759147186,0.38998408472473356,0.007348997133261683
1570.8333333333333,2175.0,0.0,0.3244865568463686,0.30927826158523475,-0.015208295261133892
1570.8333333333333,2295.833333333333,0.0,0.27227592821062,0.25814477904207034,-0.014131149168549682
1570.8333333333333,2416.6666666666665,0.0,0.22712345848596222,0.2340849566066913,0.006961498120729088
1570.8333333333333,2537.5,0.0,0.18906453181965543,0.1456220015747357,-0.04344253024491972
1570.8333333333333,2658.333333333333,0.0,0.1575050190937461,0.11528110586244944,-0.04222391323129666
1570.8333333333333,2779.1666666666665,0.0,0.13157830002938214,0.11002497339180907,-0.02155332663757308
1570.8333333333333,2900.0,0.0,0.11037004463230875,0.10396663008095333,-0.0064034145513554176
1691.6666666666665,0.0,0.0,0.07572431344709823,0.08505154041503837,0.009327226967940137
1691.6666666666665,120.83333333333333,0.0,0.08596524966157684,0.1302259361700634,0.04426068650848656
1691.6666666666665,241.66666666666666,0.0,0.09821639724199649,0.12394618593805706,0.02572978869606058
1691.6666666666665,362.5,0.0,0.11339194734275093,0.10859379144384812,-0.004798155898902813
1691.6666666666665,483.3333333333333,0.0,0.13296291174210956,0.1323924255050289,-0.0005704862370806649
1691.6666666666665,604.1666666666666,0.0,0.15910243032086535,0.12902654938173108,-0.030075880939134263
1691.6666666666665,725.0,0.0,0.1945744665289944,0.1940190724492227,-0.0005553940797716979
1691.6666666666665,845.8333333333333,0.0,0.24195880015088167,0.23329904098327753,-0.008659759167604149
1691.6666666666665,966.6666666666666,0.0,0.30172387194429406,0.3114054287544368,0.009681556810142685
1691.6666666666665,1087.5,0.0,0.36930538973434884,0.34448846142777917,-0.02481692830656969
1691.6666666666665,1208.3333333333333,0.0,0.4335043579156703,0.4490847533429055,0.015580395427235168
1691.6666666666665,1329.1666666666665,0.0,0.48009893717185437,0.5260811045619317,0.04598216739007733
1691.6666666666665,1450.0,0.0,0.49981165855233967,0.4965488540986339,-0.0032628044537057277
1691.6666666666665,1570.8333333333333,0.0,0.49278166732295003,0.5048330189859183,0.012051351662968243
1691.6666666666665,1691.6666666666665,0.0,0.4655412892912285,0.48624560904256187,0.020704319751333376
1691.6666666666665,1812.5,0.0,0.42572913929645206,0.413692525139877,-0.012036614156575087
1691.6666666666665,1933.3333333333333,0.0,0.37961614635431645,0.38633892080862897,0.0067227744543125025
1691.6666666666665,2054.1666666666665,0.0,0.3318773485452863,0.3322551205687401,0.00037777202345384576
1691.6666666666665,2175.0,0.0,0.28581603678348566,0.28874631973995063,0.0029302829564649513
1691.6666666666665,2295.833333333333,0.0,0.24352865413890384,0.22033836062323986,-0.023190293515663995
1691.6666666666665,2416.6666666666665,0.0,0.20608701549242053,0.2068223207201888,0.0007353052277682813
1691.6666666666665,2537.5,0.0,0.1737868713171148,0.18872682005447827,0.014939948737363491
1691.6666666666665,2658.333333333333,0.0,0.14641782378317197,0.1899521320170232,0.04353430823385125
1691.6666666666665,2779.1666666666665,0.0,0.12349563825085089,0.1522737630334071,0.028778124782556206
1691.6666666666665,2900.0,0.0,0.10442871967165691,0.16902419339700359,0.06459547372534669
1812.5,0.0,0.0,0.05491224963944853,0.031891822752807046,-0.023020426886641486
1812.5,120.83333333333333,0.0,0.05912174932270851,0.08529136842432886,0.026169619101620346
1812.5,241.66666666666666,0.0,0.06355149527074258,0.06905175544289313,0.005500260172150552
1812.5,362.5,0.0,0.06872553623765128,0.13441962423418144,0.06569408799653016
1812.5,483.3333333333333,0.0,0.0758290534468024,0.05158010488614785,-0.024248948560654543
1812.5,604.1666666666666,0.0,0.08706925894155558,0.0618776036761323,-0.02519165526542328
1812.5,725.0,0.0,0.10589257773700698,0.08791079837368632,-0.017981779363320665
1812.5,845.8333333333333,0.0,0.13659014564858785,0.07287327391929364,-0.0637168717292942
1812.5,966.6666666666666,0.0,0.1826004485786494,0.16682779792822658,-0.01577265065042283
1812.5,1087.5,0.0,0.24319288265729497,0.22041890281068402,-0.022773979846610937
1812.5,1208.3333333333333,0.0,0.3100843326446637,0.3145961462389499,0.004511813594286229
1812.5,1329.1666666666665,0.0,0.36825055882970886,0.37850323810302366,0.010252679273314783
1812.5,1450.0,0.0,0.4036052222504887,0.45989034742696533,0.05628512517647658
1812.5,1570.8333333333333,0.0,0.4114886732619396,0.4400013884075211,0.028512715145581506
1812.5,1691.6666666666665,0.0,0.39688474646961674,0.37957763679974466,-0.017307109669872093
1812.5,1812.5,0.0,0.36811952270223736,0.3411670825617866,-0.02695244014045074
1812.5,1933.3333333333333,0.0,0.3321718730236587,0.34692944816885385,0.01475757514519517
1812.5,2054.1666666666665,0.0,0.29376940844994015,0.2541624122393209,-0.039606996210619264
1812.5,2175.0,0.0,0.25594457531161807,0.3108883382872487,0.05494376297563061
1812.5,2295.833333333333,0.0,0.22056825374946126,0.25595145737109987,0.03538320362163861
1812.5,2416.6666666666665,0.0,0.18867020220051273,0.17459493263737158,-0.014075269563141143
1812.5,2537.5,0.0,0.1606644955079213,0.109270459635195,-0.05139403587272632
1812.5,2658.333333333333,0.0,0.13654320284787053,0.17715937407283291,0.04061617122496238
1812.5,2779.1666666666665,0.0,0.11604196360055678,0.11260576824297824,-0.0034361953575785366
1812.5,2900.0,0.0,0.09876763353043352,0.13590212288963738,0.037134489359203854
1933.3333333333333,0.0,0.0,0.036644742428923696,-0.011188087334907316,-0.04783282976383101
1933.3333333333333,120.83333333333333,0.0,0.03580014125604717,0.017818890567433986,-0.017981250688613185
1933.3333333333333,241.66666666666666,0.0,0.03373002494007607,0.03388733593162156,0.00015731099154549496
1933.3333333333333,362.5,0.0,0.030650201126816396,0.03205961893975866,0.0014094178129422615
1933.3333333333333,483.3333333333333,0.0,0.027515954777529692,0.014013990633152383,-0.013501964144377309
1933.3333333333333,604.1666666666666,0.0,0.026544552608494597,0.04523005057891956,0.01868549797042496
1933.3333333333333,725.0,0.0,0.03167756311732544,-0.00035104976415239325,-0.03202861288147783
1933.3333333333333,845.8333333333333,0.0,0.04847732759221992,0.04420594304158111,-0.004271384550638805
1933.3333333333333,966.6666666666666,0.0,0.08265061580431787,0.08625948475567484,0.0036088689513569657
1933.3333333333333,1087.5,0.0,0.1366319986110118,0.15206516363277428,0.01543316502176247
1933.3333333333333,1208.3333333333333,0.0,0.20525261822536525,0.22660106456803195,0.021348446342666694
1933.3333333333333,1329.1666666666665,0.0,0.27427792847604054,0.24053866572090446,-0.03373926275513608
1933.3333333333333,1450.0,0.0,0.32615095284242124,0.28012752772035254,-0.04602342512206867
1933.3333333333333,1570.8333333333333,0.0,0.3504500041180113,0.38878030877496655,0.03833030465695527
1933.3333333333333,1691.6666666666665,0.0,0.3486479087278917,0.35861732908727945,0.009969420359387748
1933.3333333333333,1812.5,0.0,0.3291096531883773,0.3066550570916807,-0.02245459609669661
1933.3333333333333,1933.3333333333333,0.0,0.30019019401654984,0.3467247532822255,0.046534559265675686
1933.3333333333333,2054.1666666666665,0.0,0.2675959158807643,0.27106615490955005,0.0034702390287857598
1933.3333333333333,2175.0,0.0,0.23473935707755256,0.27011827259946736,0.03537891552191479
1933.3333333333333,2295.833333333333,0.0,0.2035847108840588,0.20561026532636206,0.0020255544423032684
1933.3333333333333,2416.6666666666665,0.0,0.17519430350943968,0.23701674125589928,0.06182243774645961
1933.3333333333333,2537.5,0.0,0.15003541584438704,0.20269564111768318,0.052660225273296134
1933.3333333333333,2658.333333333333,0.0,0.12818128533820705,0.12071236088383484,-0.007468924454372205
1933.3333333333333,2779.1666666666665,0.0,0.10946188710590696,0.13860901563453762,0.02914712852863066
1933.3333333333333,2900.0,0.0,0.09357687969445572,0.11293815818201014,0.019361278487554427
2054.1666666666665,0.0,0.0,0.021445225246194834,0.06250417197216529,0.041058946725970456
2054.1666666666665,120.83333333333333,0.0,0.016737571737953743,-0.01221013207944939,-0.028947703817403133
2054.1666666666665,241.66666666666666,0.0,0.009792424797894866,0.030373968597848043,0.020581543799953177
2054.1666666666665,362.5,0.0,0.0006249501897442852,0.03237768479523191,0.03175273460548763
2054.1666666666665,483.3333333333333,0.0,-0.009965098181778573,-0.062727282774472,-0.052762184592693426
2054.1666666666665,604.1666666666666,0.0,-0.01977783021550482,-0.05527558559547807,-0.03549775537997325
2054.1666666666665,725.0,0.0,-0.024606593021744578,-0.0857835583545476,-0.061176965332803014
2054.1666666666665,845.8333333333333,0.0,-0.018155871673400138,-0.02623807670673687,-0.008082205033336733
2054.1666666666665,966.6666666666666,0.0,0.006673574482468556,0.028199842156347424,0.021526267673878868
2054.1666666666665,1087.5,0.0,0.05448449679284178,0.09955520835572262,0.04507071156288084
2054.1666666666665,1208.3333333333333,0.0,0.12282379339363104,0.1250466368062243,0.0022228434125932555
2054.1666666666665,1329.1666666666665,0.0,0.19943013545563534,0.2482886018227741,0.04885846636713875
2054.1666666666665,1450.0,0.0,0.2655363256751399,0.22413328192869317,-0.04140304374644674
2054.1666666666665,1570.8333333333333,0.0,0.3058004503375962,0.25469897715694156,-0.05110147318065464
2054.1666666666665,1691.6666666666665,0.0,0.31678945863568597,0.3151230276687874,-0.0016664309668985634
2054.1666666666665,1812.5,0.0,0.30545850647482675,0.316980469943006,0.011521963468179217
2054.1666666666665,1933.3333333333333,0.0,0.28141631676801226,0.28043547432518945,-0.0009808424428227932
2054.1666666666665,2054.1666666666665,0.0,0.25193827905776456,0.18991501605656827,-0.062023263001196295
2054.1666666666665,2175.0,0.0,0.22139130250161765,0.218717701316234,-0.0026736011853836523
2054.1666666666665,2295.833333333333,0.0,0.19217118830072336,0.15303710328557776,-0.03913408501514559
2054.1666666666665,2416.6666666666665,0.0,0.16549585641111061,0.18558603287601178,0.020090176464901154
2054.1666666666665,2537.5,0.0,0.14187059239844985,0.15286853978135528,0.010997947382905448
2054.1666666666665,2658.333333333333,0.0,0.12136911832953617,0.09317272473971552,-0.028196393589820658
2054.1666666666665,2779.1666666666665,0.0,0.10381904434497317,0.08840303682487237,-0.015416007520100805
2054.1666666666665,2900.0,0.0,0.088925715158464,0.05714930950179545,-0.03177640565666855
2175.0,0.0,0.0,0.009581569603031947,0.007701196684836791,-0.0018803729181951561
2175.0,120.83333333333333,0.0,0.0022951144175128056,0.030949384032549952,0.028654269615037146
2175.0,241.66666666666666,0.0,-0.007769919364440674,-0.03734170075450698,-0.02957178139006631
2175.0,362.5,0.0,-0.02067950364875921,-0.00555810818322388,0.015121395465535332
2175.0,483.3333333333333,0.0,-0.0357047315831456,-0.05161246013431882,-0.015907728551173225
2175.0,604.1666666666666,0.0,-0.050688181583245666,-0.07447436655111599,-0.023786184967870324
2175.0,725.0,0.0,-0.061402043864739936,-0.06461295466337667,-0.003210910798636735
2175.0,845.8333333333333,0.0,-0.061389846914921865,-0.09244711658750308,-0.031057269672581222
2175.0,966.6666666666666,0.0,-0.04308770429392415,-0.059697183454339615,-0.016609479160415462
2175.0,1087.5,0.0,-0.0008269579373073454,-0.0367632947149728,-0.03593633677766545
2175.0,1208.3333333333333,0.0,0.06491738912006834,0.12385914310756002,0.05894175398749168
2175.0,1329.1666666666665,0.0,0.144420343774131,0.14547825033328285,0.0010579065591518582
2175.0,1450.0,0.0,0.22001163357007608,0.1990198683302985,-0.02099176523977757
2175.0,1570.8333333333333,0.0,0.273682886785379,0.2801022841074057,0.00641939732202666
2175.0,1691.6666666666665,0.0,0.2969180142683962,0.2935481727776713,-0.0033698414907248945
2175.0,1812.5,0.0,0.2934709873020303,0.2868418993160336,-0.006629087985996689
2175.0,1933.3333333333333,0.0,0.27314861106041244,0.29157361206171517,0.018425001001302756
2175.0,2054.1666666666665,0.0,0.24492162401624396,0.2676468553176631,0.022725231301419152
2175.0,2175.0,0.0,0.21462498094522242,0.1987099465169066,-0.015915034428315822
2175.0,2295.833333333333,0.0,0.1854793213601305,0.1682047741407901,-0.0172745472193404
2175.0,2416.6666666666665,0.0,0.15903118784715164,0.15077963693260232,-0.00825155091454932
2175.0,2537.5,0.0,0.13583950758921617,0.06678187264714863,-0.06905763494206754
2175.0,2658.333333333333,0.0,0.11591951444044425,0.07046378257448768,-0.04545573186595657
2175.0,2779.1666666666665,0.0,0.09901798229431931,0.14002421031765505,0.04100622802333574
2175.0,2900.0,0.0,0.08477428852374275,0.13412331992878126,0.04934903140503851
2295.833333333333,0.0,0.0,0.0010379852232857269,-0.006433095963405622,-0.007471081186691349
2295.833333333333,120.83333333333333,0.0,-0.0075908552930617785,0.009705853598611215,0.017296708891672993
2295.833333333333,241.66666666666666,0.0,-0.019099706435860595,-0.009762201799554513,0.009337504636306082
2295.833333333333,362.5,0.0,-0.03352889501760262,0.05883752923605451,0.09236642425365713
2295.833333333333,483.3333333333333,0.0,-0.05014739421479398,-0.01656014687175668,0.0335872473430373
2295.833333333333,604.1666666666666,0.0,-0.06686858865719537,-0.07070611640161836,-0.0038375277444229958
2295.833333333333,725.0,0.0,-0.07966942677830549,-0.10833563999631826,-0.02866621321801277
2295.833333333333,845.8333333333333,0.0,-0.08244930693526506,-0.13064269654299224,-0.04819338960772717
2295.833333333333,966.6666666666666,0.0,-0.06800621210287756,-0.06190230302686087,0.006103909076016693
2295.833333333333,1087.5,0.0,-0.030601158472829165,-0.05329168083135827,-0.0226905223585291
2295.833333333333,1208.3333333333333,0.0,0.03045661919253533,-0.012210992095394894,-0.04266761128793022
2295.833333333333,1329.1666666666665,0.0,0.10800831374206656,0.08861112721479075,-0.019397186527275796
2295.833333333333,1450.0,0.0,0.18715854459955508,0.15471210449112324,-0.03244644010843185
2295.833333333333,1570.8333333333333,0.0,0.2500133981615453,0.3006276472137222,0.05061424905217694
2295.833333333333,1691.6666666666665,0.0,0.28421916223500265,0.31066835494348616,0.026449192708483515
2295.833333333333,1812.5,0.0,0.2888796729779458,0.2886404937384473,-0.00023917923949852115
2295.833333333333,1933.3333333333333,0.0,0.27213757744408634,0.3165359016107871,0.044398324166700774
2295.833333333333,2054.1666666666665,0.0,0.24416800946998396,0.2464890586994125,0.002321049229428549
2295.833333333333,2175.0,0.0,0.2126988317978194,0.1868603057579715,-0.02583852603984791
2295.833333333333,2295.833333333333,0.0,0.18225034714249264,0.22794406946058235,0.04569372231808971
2295.833333333333,2416.6666666666665,0.0,0.15492131399751377,0.17108861530805353,0.01616730131053976
2295.833333333333,2537.5,0.0,0.13135533373538108,0.10023794910558739,-0.03111738462979369
2295.833333333333,2658.333333333333,0.0,0.11145904686056662,0.10574888651805837,-0.0057101603425082454
2295.833333333333,2779.1666666666665,0.0,0.09483271450207463,0.06856416690053191,-0.026268547601542715
2295.833333333333,2900.0,0.0,0.08099348973639638,0.03950949780746629,-0.041483991928930083
2416.6666666666665,0.0,0.0,-0.00446437301258573,0.02332095341336351,0.02778532642594924
2416.6666666666665,120.83333333333333,0.0,-0.013376166428827437,0.043906332785276475,0.057282499214103916
2416.6666666666665,241.66666666666666,0.0,-0.02492387528396369,-0.06688090249853793,-0.041957027214574234
2416.6666666666665,362.5,0.0,-0.03905180088968944,-0.022162723788972313,0.016889077100717124
2416.6666666666665,483.3333333333333,0.0,-0.054987883117033516,-0.07450716019068832,-0.019519277073654806
2416.6666666666665,604.1666666666666,0.0,-0.07075593146734246,-0.08536969298028335,-0.01461376151294088
2416.6666666666665,725.0,0.0,-0.08271856731562544,-0.10049038504279151,-0.017771817727166073
2416.6666666666665,845.8333333333333,0.0,-0.08551001475854134,-0.11142973784893581,-0.02591972309039448
2416.6666666666665,966.6666666666666,0.0,-0.07287502722526269,-0.07141937838691788,0.0014556488383448097
2416.6666666666665,1087.5,0.0,-0.03971651835207723,-0.06464502184440836,-0.024928503492331132
2416.6666666666665,1208.3333333333333,0.0,0.015145644683344043,0.023259349456739208,0.008113704773395165
2416.6666666666665,1329.1666666666665,0.0,0.08679702968191605,0.08528988639844194,-0.0015071432834741086
2416.6666666666665,1450.0,0.0,0.16386250124505058,0.1566940598390583,-0.007168441405992292
2416.6666666666665,1570.8333333333333,0.0,0.23086207033018177,0.20363516046893385,-0.027226909861247935
2416.6666666666665,1691.6666666666665,0.0,0.27380570014713984,0.2565025602300899,-0.017303139917049983
2416.6666666666665,1812.5,0.0,0.28682003734407685,0.30948177411884953,0.02266173677477268
2416.6666666666665,1933.3333333333333,0.0,0.2743327229085246,0.28936023853725606,0.015027515628731423
2416.6666666666665,2054.1666666666665,0.0,0.24655147248880485,0.21722481514484832,-0.02932665734395653
2416.6666666666665,2175.0,0.0,0.21326658299830537,0.21624655216118213,0.002979969162876776
2416.6666666666665,2295.833333333333,0.0,0.18077567903176958,0.20331729273292326,0.022541613701153672
2416.6666666666665,2416.6666666666665,0.0,0.15197151904358122,0.10188936060994007,-0.05008215843364115
2416.6666666666665,2537.5,0.0,0.1276179120680899,0.14391871783948795,0.01630080577139805
2416.6666666666665,2658.333333333333,0.0,0.10747295500993866,0.08759424224156326,-0.0198787127683754
2416.6666666666665,2779.1666666666665,0.0,0.09094413950021905,0.10806209955801384,0.01711796005779478
2416.6666666666665,2900.0,0.0,0.07739269939063101,0.054494924694355504,-0.022897774696275505
2537.5,0.0,0.0,-0.007401384365050507,-0.061547847384986074,-0.054146463019935566
2537.5,120.83333333333333,0.0,-0.015799882137284428,-0.06462615527377931,-0.04882627313649488
2537.5,241.66666666666666,0.0,-0.02637496671897234,-0.02493241831913088,0.0014425483998414597
2537.5,362.5,0.0,-0.0389515646082714,-0.031159889556626942,0.007791675051644456
2537.5,483.3333333333333,0.0,-0.05272024538789029,-0.07984974414102254,-0.027129498753132256
2537.5,604.1666666666666,0.0,-0.06586690126275771,-0.046709127499436495,0.019157773763321218
2537.5,725.0,0.0,-0.07526021969733437,-0.12510582156540317,-0.049845601868068794
2537.5,845.8333333333333,0.0,-0.07646947749232628,-0.07845187145174579,-0.0019823939594194972
2537.5,966.6666666666666,0.0,-0.0644621035722955,-0.10079258956516919,-0.036330485992873696
2537.5,1087.5,0.0,-0.035129905478395236,-0.05468498871246001,-0.019555083234064775
2537.5,1208.3333333333333,0.0,0.012762619774157375,0.014184579913649796,0.0014219601394924205
2537.5,1329.1666666666665,0.0,0.07606702311986867,0.0502546221613501,-0.025812400958518573
2537.5,1450.0,0.0,0.1468098670167777,0.13527320068988294,-0.01153666632689476
2537.5,1570.8333333333333,0.0,0.21300691379553421,0.24319569807196742,0.030188784276433216
2537.5,1691.6666666666665,0.0,0.26125617762547454,0.24394942153978008,-0.01730675608569446
2537.5,1812.5,0.0,0.28192701116665747,0.3069977745286117,0.025070763361954254
2537.5,1933.3333333333333,0.0,0.2746061222280109,0.24071491658828237,-0.03389120563972854
2537.5,2054.1666666666665,0.0,0.24791870011023276,0.26381282544769125,0.015894125337458483
2537.5,2175.0,0.0,0.21325169204371736,0.25649875066345434,0.04324705861973701
2537.5,2295.833333333333,0.0,0.1788971167360767,0.10474778173225802,-0.07414933500381868
2537.5,2416.6666666666665,0.0,0.14873285872927272,0.12482600106515843,-0.023906857664114302
2537.5,2537.5,0.0,0.1236898451442545,0.1410020089596707,0.0173121638154162
2537.5,2658.333333333333,0.0,0.10337257281036345,0.09728121122907367,-0.00609136158128978
2537.5,2779.1666666666665,0.0,0.08699160905021491,0.09812598525135417,0.011134376201139265
2537.5,2900.0,0.0,0.07375614584803877,0.05563659024656416,-0.018119555601474616
2658.333333333333,0.0,0.0,-0.008353465809152135,-0.005755772184965138,0.0025976936241869975
2658.333333333333,120.83333333333333,0.0,-0.01573333148178669,-0.020403648543549074,-0.0046703170617623845
2658.333333333333,241.66666666666666,0.0,-0.024746160543254927,0.01028730130653929,0.035033461849794216
2658.333333333333,362.5,0.0,-0.03511469212101068,-0.027482066821974283,0.007632625299036393
2658.333333333333,483.3333333333333,0.0,-0.046028088082197625,-0.03590000821994156,0.010128079862256065
2658.333333333333,604.1666666666666,0.0,-0.05588622862026259,-0.06824253760393661,-0.01235630898367402
2658.333333333333,725.0,0.0,-0.06211714812266395,-0.07674533484483875,-0.014628186722174806
2658.333333333333,845.8333333333333,0.0,-0.06125674757206004,-0.07423349320664867,-0.012976745634588626
2658.333333333333,966.6666666666666,0.0,-0.04949969545234245,-0.037666131180993545,0.011833564271348905
2658.333333333333,1087.5,0.0,-0.023765907692692583,-0.036395442117300475,-0.012629534424607888
2658.333333333333,1208.3333333333333,0.0,0.017019893092733517,0.025713138799625904,0.008693245706892387
2658.333333333333,1329.1666666666665,0.0,0.07095960909144085,0.133221633050804,0.062262023959363165
2658.333333333333,1450.0,0.0,0.1327980494641057,0.15893179056705647,0.026133741102950768
2658.333333333333,1570.8333333333333,0.0,0.19393883592910788,0.18415812996407266,-0.009780705965035233
2658.333333333333,1691.6666666666665,0.0,0.24304503138291705,0.2790814490478354,0.036036417664918344
2658.333333333333,1812.5,0.0,0.2690343308514265,0.25679206966077994,-0.012242261190646541
2658.333333333333,1933.3333333333333,0.0,0.2672687038253957,0.20612496777006006,-0.061143736055335615
2658.333333333333,2054.1666666666665,0.0,0.24340485114427668,0.21316226181675457,-0.03024258932752212
2658.333333333333,2175.0,0.0,0.2090966234686556,0.15297286583787992,-0.05612375763077567
2658.333333333333,2295.833333333333,0.0,0.1742350244943282,0.16368961997308895,-0.01054540452123926
2658.333333333333,2416.6666666666665,0.0,0.14369701625276257,0.14424956762844912,0.000552551375686551
2658.333333333333,2537.5,0.0,0.11864465170067552,0.16893777106893398,0.050293119368258477
2658.333333333333,2658.333333333333,0.0,0.09859843905633879,0.10840626026926367,0.009807821212924879
2658.333333333333,2779.1666666666665,0.0,0.08264091886661622,0.07606790300235029,-0.006573015864265927
2658.333333333333,2900.0,0.0,0.06988643767378834,0.09476860510929301,0.024882167435504674
2779.1666666666665,0.0,0.0,-0.007912344204885347,-0.0742464034751219,-0.06633405927023656
2779.1666666666665,120.83333333333333,0.0,-0.014033374432976921,-0.0069649376897199435,0.007068436743256978
2779.1666666666665,241.66666666666666,0.0,-0.021262418967087783,0.0018635368495212197,0.023125955816609003
2779.1666666666665,362.5,0.0,-0.029259988348126938,-0.07361757572152218,-0.04435758737339524
2779.1666666666665,483.3333333333333,0.0,-0.03726087183351642,-0.0029482505373085444,0.03431262129620787
2779.1666666666665,604.1666666666666,0.0,-0.043914146321258694,-0.03375925409642627,0.010154892224832424
2779.1666666666665,725.0,0.0,-0.04719718220457145,-0.05965581962159548,-0.012458637417024038
2779.1666666666665,845.8333333333333,0.0,-0.04452345442259555,-0.02553999843940701,0.018983455983188544
2779.1666666666665,966.6666666666666,0.0,-0.0331543286193197,0.034966457114812166,0.06812078573413187
2779.1666666666665,1087.5,0.0,-0.010907074215176183,-0.005451086563421329,0.005455987651754855
2779.1666666666665,1208.3333333333333,0.0,0.02304441890910314,0.030491036498113223,0.007446617589010082
2779.1666666666665,1329.1666666666665,0.0,0.06756864112504035,0.05378781413883303,-0.013780826986207324
2779.1666666666665,1450.0,0.0,0.11926554653249423,0.09377021544855048,-0.025495331083943754
2779.1666666666665,1570.8333333333333,0.0,0.1721921095481364,0.19710218404446378,0.024910074496327365
2779.1666666666665,1691.6666666666665,0.0,0.2175961374437562,0.19191362266649017,-0.025682514777266015
2779.1666666666665,1812.5,0.0,0.2451883832442816,0.24733537036086337,0.002146987116581774
2779.1666666666665,1933.3333333333333,0.0,0.24817258089539915,0.23384285749244565,-0.0143297234029535
2779.1666666666665,2054.1666666666665,0.0,0.22895358320503503,0.2433229779774268,0.014369394772391755
2779.1666666666665,2175.0,0.0,0.19773793554899177,0.2077477987076002,0.010009863158608448
2779.1666666666665,2295.833333333333,0.0,0.1648121963347622,0.19593839466249918,0.031126198327736974
2779.1666666666665,2416.6666666666665,0.0,0.13568399718419114,0.12038350521854872,-0.015300491965642411
2779.1666666666665,2537.5,0.0,0.11179680097261292,0.10370055291381178,-0.008096248058801138
2779.1666666666665,2658.333333333333,0.0,0.09275297313344089,0.06339006165997166,-0.02936291147346922
2779.1666666666665,2779.1666666666665,0.0,0.0776604414576926,0.06433164365540925,-0.013328797802283347
2779.1666666666665,2900.0,0.0,0.06564870526884797,0.07696772006019353,0.011319014791345566
2900.0,0.0,0.0,-0.006608468763981999,0.01610118973537856,0.022709658499360557
2900.0,120.83333333333333,0.0,-0.011435875627909809,-0.03910083535323857,-0.02766495972532876
2900.0,241.66666666666666,0.0,-0.01692744653274483,0.009160731070424973,0.026088177603169803
2900.0,362.5,0.0,-0.022725401173061457,0.017943734591087068,0.040669135764148524
2900.0,483.3333333333333,0.0,-0.028149224942094597,-0.015746177845383572,0.012403047096711025
2900.0,604.1666666666666,0.0,-0.03210607354446486,0.024197800832277114,0.056303874376741975
2900.0,725.0,0.0,-0.03306568462046901,-0.056279360593576196,-0.023213675973107188
2900.0,845.8333333333333,0.0,-0.02916952923280622,-0.06650917033214873,-0.037339641099342506
2900.0,966.6666666666666,0.0,-0.018525421611847268,-0.07188702907897562,-0.053361607467128355
2900.0,1087.5,0.0,0.0003363037828343804,0.04521763312750987,0.04488132934467549
2900.0,1208.3333333333333,0.0,0.0279695417451211,0.04760051143574283,0.01963096969062173
2900.0,1329.1666666666665,0.0,0.06363246270514099,0.06196492257782733,-0.001667540127313652
2900.0,1450.0,0.0,0.1050382763065382,0.11343733509613281,0.008399058789594608
2900.0,1570.8333333333333,0.0,0.14805248082681038,0.1142878094078591,-0.03376467141895129
2900.0,1691.6666666666665,0.0,0.1862833566509354,0.25965591603944016,0.07337255938850479
2900.0,1812.5,0.0,0.21155645185102942,0.21543308731028624,0.003876635459256825
2900.0,1933.3333333333333,0.0,0.2172854747992418,0.22056731863738857,0.0032818438381467863
2900.0,2054.1666666666665,0.0,0.20365691089002286,0.22542990960698361,0.021772998716960756
2900.0,2175.0,0.0,0.17823111745852366,0.19266139441062505,0.014430276952101397
2900.0,2295.833333333333,0.0,0.1500002474027041,0.15671676813107804,0.006716520728373941
2900.0,2416.6666666666665,0.0,0.12433565225881305,0.10062141859545369,-0.023714233663359358
2900.0,2537.5,0.0,0.10294635061090066,0.11709040132498053,0.014144050714079872
2900.0,2658.333333333333,0.0,0.08572136976627631,0.14218210466052733,0.056460734894251005
2900.0,2779.1666666666665,0.0,0.07198257095949688,0.1123451723441462,0.04036260138464933
2900.0,2900.0,0.0,0.06100325069894679,0.10879884949812871,0.04779559879918191
